model,Parameters,Trainable Parameters,Avg Inference Time (s),FLOPs,Memory Usage (MB),Model Size (MB),Throughput (samples/sec),Number of Layers
resnet,21797672,21797672,0.002060861587524414,3678739456.0,193.13134765625,83.28594017028809,485.2339458669024,115
mobilenet,5483032,5483032,0.0029871201515197753,234838456.0,334.68994140625,21.11284065246582,334.7705981934553,254
efficient,118515272,118515272,0.01710554361343384,12379301696.0,798.7763671875,454.5990581512451,58.460579949920444,1408
convnext,197767336,197767336,0.004529237747192383,34389508608.0,1458.10595703125,754.5440540313721,220.78770332157708,382
swin-transformer,87930848,87930848,0.01434046745300293,10270570496.0,1780.29443359375,336.37732315063477,69.73273383711056,431
vision-transformer,304326632,304326632,0.006284856796264648,39856041984.0,2929.96875,1161.0278491973877,159.1126150391114,295
maxvit,30919624,30919624,0.011988179683685303,5456315648.0,3176.244140625,118.77638053894043,83.41549979943149,669
